degree,in_count,out_count,total_count,in_probability,out_probability,total_probability
0,9072,1737,671,0.06514667336899932,0.012473519801802448,0.004818498438117123
1,4656,2560,553,0.03343506516821658,0.018383540985961008,0.003971132095795483
2,4208,3423,1356,0.030217945495673405,0.024580804998025205,0.009737531866001221
3,3151,4481,2595,0.022627553768266848,0.0321783777961294,0.01863487846037844
4,3307,4687,2765,0.023747800797098848,0.03365767835984345,0.019855660478977414
5,3712,4308,2625,0.02665613442964346,0.030936052565437508,0.018850310581307674
6,4289,3797,2083,0.03079961222218233,0.027266525438942948,0.014958170263186242
7,4954,3787,1707,0.035575024236113605,0.027194714731966538,0.012258087680873218
8,5060,4211,1715,0.036336217730063555,0.030239488707766327,0.012315536246454347
9,5202,4676,1717,0.037355929769128576,0.0335786865821694,0.012329898387849628
10,5466,4836,1777,0.039251732433305805,0.034727657893791966,0.01276076262970809
11,5378,4559,1870,0.03861979821191339,0.032738501310545405,0.013428602204588705
12,5269,4527,2060,0.037837061505870524,0.03250870704822089,0.014793005637140498
13,4986,4328,2284,0.03580481849843812,0.031079673979390328,0.016401565473412087
14,4390,4235,2300,0.03152490036264407,0.030411834404509713,0.01651646260457434
15,3989,4201,2463,0.028645291012890022,0.030167678000789917,0.01768697712828983
16,3713,4030,2434,0.026663315500341102,0.028939714911493303,0.017478726078058237
17,3300,3885,2506,0.02369753330221536,0.027898459660335356,0.01799576316828839
18,3257,3655,2538,0.023388747262216795,0.026246813399877923,0.018225557430612903
19,3008,3349,2690,0.021600660658504182,0.02404940576639977,0.01931708017665434
20,2706,3093,2644,0.019431977307816595,0.02221105166780367,0.018986750924562854
21,2544,2941,2697,0.01826864385479875,0.021119528921762235,0.019367347671537825
22,2431,2784,2705,0.017457182865965315,0.019992100822232593,0.019424796237118954
23,2259,2553,2626,0.01622203870597106,0.01833327349107752,0.018857491652005315
24,1962,2367,2678,0.014089260708771678,0.01699759434131629,0.019230907328282646
25,1775,2200,2431,0.012746400488312807,0.01579835553481024,0.017457182865965315
26,1575,2079,2324,0.011310186348784603,0.014929445980395677,0.016688808301317727
27,1390,1982,2269,0.009981688269721015,0.014232882122724498,0.01629384941294747
28,1223,1765,2155,0.008782449463214966,0.012674589781336397,0.015475207353416395
29,1126,1714,2084,0.008085885605543786,0.012308355175756706,0.014965351333883882
30,1034,1635,2164,0.0074252271013608125,0.011741050590643065,0.015539836989695164
31,918,1594,1970,0.0065922229004344544,0.011446626692039783,0.014146709274352806
32,923,1429,1929,0.00662812825392266,0.010261750026929015,0.013852285375749524
33,932,1320,1829,0.006692757890201429,0.009479013320886144,0.013134178305985423
34,813,1248,1807,0.005838210477182148,0.00896197623065599,0.01297619475063732
35,831,1209,1702,0.0059674697497396866,0.008681914473447992,0.012222182327385013
36,723,1147,1684,0.005191914114394456,0.008236688090194249,0.012092923054827474
37,683,1112,1678,0.0049046712864888155,0.007985350615776812,0.012049836630641629
38,646,1031,1587,0.0046389716706760975,0.00740368388926789,0.011396359197156296
39,571,986,1449,0.004100391368353022,0.007080535707874044,0.010405371440881836
40,564,957,1453,0.004050123873469535,0.006872284657642455,0.010434095723672399
41,547,948,1348,0.003928045671609637,0.006807655021363685,0.009680083300420092
42,538,867,1346,0.0038634160353308677,0.006225988294854763,0.009665721159024811
43,489,822,1267,0.003511543571146458,0.005902840113460917,0.00909841657391117
44,477,755,1221,0.003425370722774766,0.005421708376718968,0.008768087321819683
45,502,715,1196,0.0036048974902157913,0.0051344655488133285,0.008588560554378658
46,438,694,1100,0.003145308965566766,0.004983663064162867,0.00789917776740512
47,397,636,1178,0.0028508850669634843,0.0045671609636996876,0.00845930128182112
48,420,627,1141,0.0030160496930092275,0.004502531327420918,0.008193601666008401
49,376,584,1099,0.002700082582313023,0.004193745287422355,0.007891996696707478
50,373,603,1055,0.0026785393702201,0.004330185630677534,0.007576029586011274
51,330,498,1049,0.002369753330221536,0.003576173207425227,0.007532943161825428
52,358,500,1040,0.0025708233097554846,0.003590535348820509,0.007468313525546659
53,362,492,1033,0.0025995475925460485,0.003533086783239381,0.007418046030663172
54,351,423,1002,0.0025205558148719974,0.0030375929051021508,0.0071954328390363
55,336,412,965,0.002412839754407382,0.0029586011274280997,0.006929733223223582
56,298,411,986,0.0021399590678970234,0.0029514200567304586,0.007080535707874044
57,316,397,1001,0.0022692183404545616,0.0028508850669634843,0.00718825176833866
58,319,420,901,0.002290761552547485,0.0030160496930092275,0.006470144698574557
59,302,368,801,0.0021686833506875877,0.0026426340167318946,0.005752037628810456
60,277,358,827,0.001989156583246562,0.0025708233097554846,0.005938745466949122
61,306,361,798,0.0021974076334781516,0.0025923665218484074,0.005730494416717533
62,258,354,752,0.0018527162399913828,0.0025420990269649207,0.005400165164626046
63,260,367,734,0.0018670783813866648,0.002635452946034254,0.005270905892068508
64,252,299,688,0.0018096298158055365,0.0021471401385946645,0.0049405766399770205
65,237,312,728,0.0017019137553409213,0.0022404940576639977,0.005227819467882661
66,239,332,688,0.0017162758967362033,0.002384115471616818,0.0049405766399770205
67,219,299,673,0.001572654482783383,0.0021471401385946645,0.0048328605795124055
68,241,304,599,0.0017306380381314854,0.0021830454920828695,0.00430146134788697
69,203,274,600,0.0014577573516211268,0.001967613371153639,0.004308642418584611
70,212,261,560,0.001522386987899896,0.0018742594520843058,0.00402139959067897
71,198,273,569,0.0014218519981329216,0.001960432300455998,0.00408602922695774
72,207,282,534,0.0014864816344116907,0.0020250619367347673,0.003834691752540304
73,198,249,516,0.0014218519981329216,0.0017880866037126135,0.0037054324799827656
74,198,231,518,0.0014218519981329216,0.0016588273311550752,0.0037197946213780473
75,182,203,452,0.0013069548669706653,0.0014577573516211268,0.00324584395533374
76,170,224,486,0.0012207820185989732,0.001608559836271588,0.0034900003590535348
77,159,198,407,0.0011417902409249219,0.0014218519981329216,0.0029226957739398943
78,161,215,409,0.0011561523823202038,0.001543930199992819,0.0029370579153351764
79,181,183,398,0.0012997737962730242,0.0013141359376683064,0.0028580661376611254
80,190,160,403,0.0013644034325517936,0.001148971311622563,0.0028939714911493304
81,165,145,370,0.001184876665110768,0.0010412552511579476,0.0026569961581271767
82,144,156,397,0.0010340741804603067,0.0011202470288319989,0.0028508850669634843
83,161,130,389,0.0011561523823202038,0.0009335391906933324,0.002793436501382356
84,176,133,392,0.0012638684427848192,0.0009550824027862554,0.0028149797134752793
85,147,137,367,0.0010556173925532297,0.0009838066855768195,0.002635452946034254
86,151,106,341,0.0010843416753437939,0.000761193493949948,0.0024487451078955874
87,147,110,322,0.0010556173925532297,0.000789917776740512,0.0023123047646404077
88,156,101,349,0.0011202470288319989,0.0007252881404617429,0.0025061936734767152
89,138,126,307,0.0009909877562744606,0.0009048149079027683,0.0022045887041757927
90,153,100,303,0.0010987038167390758,0.0007181070697641018,0.0021758644213852284
91,144,88,319,0.0010340741804603067,0.0006319342213924096,0.002290761552547485
92,127,103,326,0.0009119959786004093,0.0007396502818570249,0.002341029047430972
93,134,82,306,0.0009622634734838965,0.0005888477972065635,0.0021974076334781516
94,119,69,305,0.0008545474130192812,0.0004954938781372303,0.0021902265627805105
95,146,79,285,0.0010484363218555887,0.0005673045851136404,0.00204660514882769
96,120,80,322,0.0008617284837169222,0.0005744856558112815,0.0023123047646404077
97,90,83,249,0.0006462963627876917,0.0005960288679042045,0.0017880866037126135
98,139,59,279,0.0009981688269721015,0.00042368317116082006,0.002003518724641844
99,135,66,257,0.0009694445441815375,0.0004739506660443072,0.0018455351692937417
100,105,69,304,0.0007540124232523069,0.0004954938781372303,0.0021830454920828695
101,99,73,232,0.0007109259990664608,0.0005242181609277943,0.0016660084018527163
102,105,83,234,0.0007540124232523069,0.0005960288679042045,0.0016803705432479983
103,114,60,218,0.0008186420595310761,0.0004308642418584611,0.001565473412085742
104,114,58,217,0.0008186420595310761,0.0004165021004631791,0.001558292341388101
105,96,67,200,0.0006893827869735378,0.00048113173674194825,0.0014362141395282036
106,104,61,187,0.0007468313525546659,0.0004380453125561021,0.0013428602204588703
107,94,51,179,0.0006750206455782557,0.0003662346055796919,0.0012854116548777423
108,95,53,180,0.0006822017162758968,0.000380596746974974,0.0012925927255753834
109,81,56,195,0.0005816667265089225,0.000402139959067897,0.0014003087860399986
110,93,41,172,0.0006678395748806147,0.0002944238986032818,0.0012351441599942551
111,71,57,185,0.0005098560195325123,0.00040932102976553805,0.0013284980790635884
112,77,48,165,0.0005529424437183584,0.0003446913934867689,0.001184876665110768
113,92,48,184,0.0006606585041829736,0.0003446913934867689,0.0013213170083659473
114,75,52,159,0.0005385803023230764,0.00037341567627733295,0.0011417902409249219
115,70,45,174,0.0005026749488348713,0.00032314818139384584,0.001249506301389537
116,85,52,177,0.0006103910092994866,0.00037341567627733295,0.0012710495134824603
117,80,55,149,0.0005744856558112815,0.000394958888370256,0.0010699795339485117
118,79,50,167,0.0005673045851136404,0.0003590535348820509,0.0011992388065060501
119,71,48,182,0.0005098560195325123,0.0003446913934867689,0.0013069548669706653
120,62,42,143,0.00044522638325374315,0.00030160496930092275,0.0010268931097626656
121,75,39,149,0.0005385803023230764,0.0002800617572079997,0.0010699795339485117
122,57,54,133,0.00040932102976553805,0.000387777817672615,0.0009550824027862554
123,66,37,148,0.0004739506660443072,0.00026569961581271765,0.0010627984632508706
124,66,39,130,0.0004739506660443072,0.0002800617572079997,0.0009335391906933324
125,69,43,136,0.0004954938781372303,0.0003087860399985638,0.0009766256148791785
126,68,49,143,0.0004883128074395892,0.0003518724641844099,0.0010268931097626656
127,72,39,148,0.0005170370902301533,0.0002800617572079997,0.0010627984632508706
128,61,39,103,0.0004380453125561021,0.0002800617572079997,0.0007396502818570249
129,69,25,120,0.0004954938781372303,0.00017952676744102544,0.0008617284837169222
130,65,38,133,0.0004667695953466662,0.0002728806865103587,0.0009550824027862554
131,51,27,118,0.0003662346055796919,0.0001938889088363075,0.0008473663423216401
132,62,30,101,0.00044522638325374315,0.00021543212092923054,0.0007252881404617429
133,54,27,115,0.000387777817672615,0.0001938889088363075,0.0008258231302287171
134,49,28,104,0.0003518724641844099,0.0002010699795339485,0.0007468313525546659
135,48,37,112,0.0003446913934867689,0.00026569961581271765,0.000804279918135794
136,50,37,111,0.0003590535348820509,0.00026569961581271765,0.0007970988474381531
137,45,36,108,0.00032314818139384584,0.0002585185451150767,0.00077555563534523
138,47,34,110,0.00033751032278912785,0.0002441564037197946,0.000789917776740512
139,54,23,104,0.000387777817672615,0.0001651646260457434,0.0007468313525546659
140,58,38,80,0.0004165021004631791,0.0002728806865103587,0.0005744856558112815
141,49,31,104,0.0003518724641844099,0.00022261319162687157,0.0007468313525546659
142,46,37,101,0.0003303292520914868,0.00026569961581271765,0.0007252881404617429
143,54,36,91,0.000387777817672615,0.0002585185451150767,0.0006534774334853327
144,39,20,81,0.0002800617572079997,0.00014362141395282037,0.0005816667265089225
145,35,25,90,0.00025133747441743564,0.00017952676744102544,0.0006462963627876917
146,46,33,81,0.0003303292520914868,0.0002369753330221536,0.0005816667265089225
147,48,24,87,0.0003446913934867689,0.00017234569674338444,0.0006247531506947685
148,39,19,83,0.0002800617572079997,0.00013644034325517934,0.0005960288679042045
149,37,21,75,0.00026569961581271765,0.00015080248465046138,0.0005385803023230764
150,37,30,71,0.00026569961581271765,0.00021543212092923054,0.0005098560195325123
151,50,27,82,0.0003590535348820509,0.0001938889088363075,0.0005888477972065635
152,41,20,95,0.0002944238986032818,0.00014362141395282037,0.0006822017162758968
153,50,24,70,0.0003590535348820509,0.00017234569674338444,0.0005026749488348713
154,40,32,75,0.00028724282790564074,0.00022979426232451258,0.0005385803023230764
155,42,29,67,0.00030160496930092275,0.00020825105023158954,0.00048113173674194825
156,48,20,75,0.0003446913934867689,0.00014362141395282037,0.0005385803023230764
157,39,23,83,0.0002800617572079997,0.0001651646260457434,0.0005960288679042045
158,42,23,72,0.00030160496930092275,0.0001651646260457434,0.0005170370902301533
159,32,22,72,0.00022979426232451258,0.0001579835553481024,0.0005170370902301533
160,30,26,78,0.00021543212092923054,0.00018670783813866648,0.0005601235144159994
161,38,16,75,0.0002728806865103587,0.00011489713116225629,0.0005385803023230764
162,33,25,71,0.0002369753330221536,0.00017952676744102544,0.0005098560195325123
163,28,22,65,0.0002010699795339485,0.0001579835553481024,0.0004667695953466662
164,38,24,64,0.0002728806865103587,0.00017234569674338444,0.00045958852464902516
165,26,15,72,0.00018670783813866648,0.00010771606046461527,0.0005170370902301533
166,27,20,66,0.0001938889088363075,0.00014362141395282037,0.0004739506660443072
167,37,12,73,0.00026569961581271765,8.617284837169222e-05,0.0005242181609277943
168,38,18,67,0.0002728806865103587,0.00012925927255753834,0.00048113173674194825
169,31,17,61,0.00022261319162687157,0.0001220782018598973,0.0004380453125561021
170,30,17,59,0.00021543212092923054,0.0001220782018598973,0.00042368317116082006
171,26,14,63,0.00018670783813866648,0.00010053498976697425,0.0004524074539513841
172,29,12,66,0.00020825105023158954,8.617284837169222e-05,0.0004739506660443072
173,25,19,60,0.00017952676744102544,0.00013644034325517934,0.0004308642418584611
174,21,12,67,0.00015080248465046138,8.617284837169222e-05,0.00048113173674194825
175,27,15,56,0.0001938889088363075,0.00010771606046461527,0.000402139959067897
176,25,10,67,0.00017952676744102544,7.181070697641019e-05,0.00048113173674194825
177,24,28,57,0.00017234569674338444,0.0002010699795339485,0.00040932102976553805
178,30,10,56,0.00021543212092923054,7.181070697641019e-05,0.000402139959067897
179,23,16,50,0.0001651646260457434,0.00011489713116225629,0.0003590535348820509
180,21,18,62,0.00015080248465046138,0.00012925927255753834,0.00044522638325374315
181,16,15,58,0.00011489713116225629,0.00010771606046461527,0.0004165021004631791
182,21,16,56,0.00015080248465046138,0.00011489713116225629,0.000402139959067897
183,24,10,50,0.00017234569674338444,7.181070697641019e-05,0.0003590535348820509
184,22,13,49,0.0001579835553481024,9.335391906933324e-05,0.0003518724641844099
185,20,13,55,0.00014362141395282037,9.335391906933324e-05,0.000394958888370256
186,15,18,68,0.00010771606046461527,0.00012925927255753834,0.0004883128074395892
187,24,8,67,0.00017234569674338444,5.7448565581128145e-05,0.00048113173674194825
188,25,9,58,0.00017952676744102544,6.462963627876917e-05,0.0004165021004631791
189,23,14,47,0.0001651646260457434,0.00010053498976697425,0.00033751032278912785
190,11,10,62,7.89917776740512e-05,7.181070697641019e-05,0.00044522638325374315
191,16,12,56,0.00011489713116225629,8.617284837169222e-05,0.000402139959067897
192,20,5,66,0.00014362141395282037,3.590535348820509e-05,0.0004739506660443072
193,20,11,53,0.00014362141395282037,7.89917776740512e-05,0.000380596746974974
194,21,9,49,0.00015080248465046138,6.462963627876917e-05,0.0003518724641844099
195,19,12,64,0.00013644034325517934,8.617284837169222e-05,0.00045958852464902516
196,14,15,49,0.00010053498976697425,0.00010771606046461527,0.0003518724641844099
197,12,7,55,8.617284837169222e-05,5.026749488348713e-05,0.000394958888370256
198,24,11,33,0.00017234569674338444,7.89917776740512e-05,0.0002369753330221536
199,19,14,44,0.00013644034325517934,0.00010053498976697425,0.0003159671106962048
200,14,12,31,0.00010053498976697425,8.617284837169222e-05,0.00022261319162687157
201,15,8,47,0.00010771606046461527,5.7448565581128145e-05,0.00033751032278912785
202,22,12,51,0.0001579835553481024,8.617284837169222e-05,0.0003662346055796919
203,17,7,41,0.0001220782018598973,5.026749488348713e-05,0.0002944238986032818
204,30,8,49,0.00021543212092923054,5.7448565581128145e-05,0.0003518724641844099
205,16,8,47,0.00011489713116225629,5.7448565581128145e-05,0.00033751032278912785
206,25,6,41,0.00017952676744102544,4.308642418584611e-05,0.0002944238986032818
207,12,7,43,8.617284837169222e-05,5.026749488348713e-05,0.0003087860399985638
208,17,11,49,0.0001220782018598973,7.89917776740512e-05,0.0003518724641844099
209,23,5,33,0.0001651646260457434,3.590535348820509e-05,0.0002369753330221536
210,16,9,31,0.00011489713116225629,6.462963627876917e-05,0.00022261319162687157
211,22,5,40,0.0001579835553481024,3.590535348820509e-05,0.00028724282790564074
212,12,8,41,8.617284837169222e-05,5.7448565581128145e-05,0.0002944238986032818
213,15,7,44,0.00010771606046461527,5.026749488348713e-05,0.0003159671106962048
214,12,8,28,8.617284837169222e-05,5.7448565581128145e-05,0.0002010699795339485
215,13,10,44,9.335391906933324e-05,7.181070697641019e-05,0.0003159671106962048
216,18,11,32,0.00012925927255753834,7.89917776740512e-05,0.00022979426232451258
217,14,13,42,0.00010053498976697425,9.335391906933324e-05,0.00030160496930092275
218,10,8,41,7.181070697641019e-05,5.7448565581128145e-05,0.0002944238986032818
219,13,4,27,9.335391906933324e-05,2.8724282790564072e-05,0.0001938889088363075
220,13,5,39,9.335391906933324e-05,3.590535348820509e-05,0.0002800617572079997
221,14,9,32,0.00010053498976697425,6.462963627876917e-05,0.00022979426232451258
222,14,11,44,0.00010053498976697425,7.89917776740512e-05,0.0003159671106962048
223,10,5,32,7.181070697641019e-05,3.590535348820509e-05,0.00022979426232451258
224,14,8,36,0.00010053498976697425,5.7448565581128145e-05,0.0002585185451150767
225,16,7,37,0.00011489713116225629,5.026749488348713e-05,0.00026569961581271765
226,19,7,32,0.00013644034325517934,5.026749488348713e-05,0.00022979426232451258
227,14,3,34,0.00010053498976697425,2.1543212092923055e-05,0.0002441564037197946
228,9,7,36,6.462963627876917e-05,5.026749488348713e-05,0.0002585185451150767
229,15,4,43,0.00010771606046461527,2.8724282790564072e-05,0.0003087860399985638
230,11,6,28,7.89917776740512e-05,4.308642418584611e-05,0.0002010699795339485
231,10,8,35,7.181070697641019e-05,5.7448565581128145e-05,0.00025133747441743564
232,14,6,30,0.00010053498976697425,4.308642418584611e-05,0.00021543212092923054
233,15,9,34,0.00010771606046461527,6.462963627876917e-05,0.0002441564037197946
234,9,6,30,6.462963627876917e-05,4.308642418584611e-05,0.00021543212092923054
235,11,8,35,7.89917776740512e-05,5.7448565581128145e-05,0.00025133747441743564
236,9,8,22,6.462963627876917e-05,5.7448565581128145e-05,0.0001579835553481024
237,15,8,37,0.00010771606046461527,5.7448565581128145e-05,0.00026569961581271765
238,15,4,25,0.00010771606046461527,2.8724282790564072e-05,0.00017952676744102544
239,7,5,27,5.026749488348713e-05,3.590535348820509e-05,0.0001938889088363075
240,7,3,35,5.026749488348713e-05,2.1543212092923055e-05,0.00025133747441743564
241,11,7,25,7.89917776740512e-05,5.026749488348713e-05,0.00017952676744102544
242,10,5,23,7.181070697641019e-05,3.590535348820509e-05,0.0001651646260457434
243,7,8,33,5.026749488348713e-05,5.7448565581128145e-05,0.0002369753330221536
244,7,1,23,5.026749488348713e-05,7.181070697641018e-06,0.0001651646260457434
245,10,8,30,7.181070697641019e-05,5.7448565581128145e-05,0.00021543212092923054
246,13,6,30,9.335391906933324e-05,4.308642418584611e-05,0.00021543212092923054
247,7,5,26,5.026749488348713e-05,3.590535348820509e-05,0.00018670783813866648
248,10,1,18,7.181070697641019e-05,7.181070697641018e-06,0.00012925927255753834
249,6,3,20,4.308642418584611e-05,2.1543212092923055e-05,0.00014362141395282037
250,8,7,20,5.7448565581128145e-05,5.026749488348713e-05,0.00014362141395282037
251,11,7,28,7.89917776740512e-05,5.026749488348713e-05,0.0002010699795339485
252,5,2,27,3.590535348820509e-05,1.4362141395282036e-05,0.0001938889088363075
253,7,3,21,5.026749488348713e-05,2.1543212092923055e-05,0.00015080248465046138
254,6,3,24,4.308642418584611e-05,2.1543212092923055e-05,0.00017234569674338444
255,9,0,27,6.462963627876917e-05,0.0,0.0001938889088363075
256,7,6,19,5.026749488348713e-05,4.308642418584611e-05,0.00013644034325517934
257,9,4,26,6.462963627876917e-05,2.8724282790564072e-05,0.00018670783813866648
258,4,3,22,2.8724282790564072e-05,2.1543212092923055e-05,0.0001579835553481024
259,8,2,26,5.7448565581128145e-05,1.4362141395282036e-05,0.00018670783813866648
260,7,4,26,5.026749488348713e-05,2.8724282790564072e-05,0.00018670783813866648
261,5,8,25,3.590535348820509e-05,5.7448565581128145e-05,0.00017952676744102544
262,3,3,29,2.1543212092923055e-05,2.1543212092923055e-05,0.00020825105023158954
263,7,3,28,5.026749488348713e-05,2.1543212092923055e-05,0.0002010699795339485
264,1,4,27,7.181070697641018e-06,2.8724282790564072e-05,0.0001938889088363075
265,4,7,26,2.8724282790564072e-05,5.026749488348713e-05,0.00018670783813866648
266,9,7,25,6.462963627876917e-05,5.026749488348713e-05,0.00017952676744102544
267,6,0,25,4.308642418584611e-05,0.0,0.00017952676744102544
268,8,3,21,5.7448565581128145e-05,2.1543212092923055e-05,0.00015080248465046138
269,9,5,21,6.462963627876917e-05,3.590535348820509e-05,0.00015080248465046138
270,5,3,31,3.590535348820509e-05,2.1543212092923055e-05,0.00022261319162687157
271,7,4,18,5.026749488348713e-05,2.8724282790564072e-05,0.00012925927255753834
272,6,2,22,4.308642418584611e-05,1.4362141395282036e-05,0.0001579835553481024
273,6,6,20,4.308642418584611e-05,4.308642418584611e-05,0.00014362141395282037
274,5,2,19,3.590535348820509e-05,1.4362141395282036e-05,0.00013644034325517934
275,8,7,23,5.7448565581128145e-05,5.026749488348713e-05,0.0001651646260457434
276,4,6,14,2.8724282790564072e-05,4.308642418584611e-05,0.00010053498976697425
277,5,3,18,3.590535348820509e-05,2.1543212092923055e-05,0.00012925927255753834
278,9,8,22,6.462963627876917e-05,5.7448565581128145e-05,0.0001579835553481024
279,5,1,14,3.590535348820509e-05,7.181070697641018e-06,0.00010053498976697425
280,7,4,23,5.026749488348713e-05,2.8724282790564072e-05,0.0001651646260457434
281,6,2,16,4.308642418584611e-05,1.4362141395282036e-05,0.00011489713116225629
282,5,3,22,3.590535348820509e-05,2.1543212092923055e-05,0.0001579835553481024
283,5,4,16,3.590535348820509e-05,2.8724282790564072e-05,0.00011489713116225629
284,11,3,13,7.89917776740512e-05,2.1543212092923055e-05,9.335391906933324e-05
285,2,3,19,1.4362141395282036e-05,2.1543212092923055e-05,0.00013644034325517934
286,7,1,14,5.026749488348713e-05,7.181070697641018e-06,0.00010053498976697425
287,7,1,24,5.026749488348713e-05,7.181070697641018e-06,0.00017234569674338444
288,6,5,19,4.308642418584611e-05,3.590535348820509e-05,0.00013644034325517934
289,5,4,20,3.590535348820509e-05,2.8724282790564072e-05,0.00014362141395282037
290,8,3,23,5.7448565581128145e-05,2.1543212092923055e-05,0.0001651646260457434
291,8,3,25,5.7448565581128145e-05,2.1543212092923055e-05,0.00017952676744102544
292,5,0,18,3.590535348820509e-05,0.0,0.00012925927255753834
293,5,4,12,3.590535348820509e-05,2.8724282790564072e-05,8.617284837169222e-05
294,3,6,21,2.1543212092923055e-05,4.308642418584611e-05,0.00015080248465046138
295,6,2,17,4.308642418584611e-05,1.4362141395282036e-05,0.0001220782018598973
296,2,1,23,1.4362141395282036e-05,7.181070697641018e-06,0.0001651646260457434
297,11,2,19,7.89917776740512e-05,1.4362141395282036e-05,0.00013644034325517934
298,6,1,24,4.308642418584611e-05,7.181070697641018e-06,0.00017234569674338444
299,5,5,9,3.590535348820509e-05,3.590535348820509e-05,6.462963627876917e-05
300,3,2,19,2.1543212092923055e-05,1.4362141395282036e-05,0.00013644034325517934
301,4,2,16,2.8724282790564072e-05,1.4362141395282036e-05,0.00011489713116225629
302,5,3,15,3.590535348820509e-05,2.1543212092923055e-05,0.00010771606046461527
303,3,4,18,2.1543212092923055e-05,2.8724282790564072e-05,0.00012925927255753834
304,8,3,18,5.7448565581128145e-05,2.1543212092923055e-05,0.00012925927255753834
305,4,3,14,2.8724282790564072e-05,2.1543212092923055e-05,0.00010053498976697425
306,1,1,12,7.181070697641018e-06,7.181070697641018e-06,8.617284837169222e-05
307,5,1,13,3.590535348820509e-05,7.181070697641018e-06,9.335391906933324e-05
308,3,2,14,2.1543212092923055e-05,1.4362141395282036e-05,0.00010053498976697425
309,7,0,19,5.026749488348713e-05,0.0,0.00013644034325517934
310,3,3,11,2.1543212092923055e-05,2.1543212092923055e-05,7.89917776740512e-05
311,5,2,11,3.590535348820509e-05,1.4362141395282036e-05,7.89917776740512e-05
312,9,3,15,6.462963627876917e-05,2.1543212092923055e-05,0.00010771606046461527
313,3,2,13,2.1543212092923055e-05,1.4362141395282036e-05,9.335391906933324e-05
314,5,0,23,3.590535348820509e-05,0.0,0.0001651646260457434
315,5,1,20,3.590535348820509e-05,7.181070697641018e-06,0.00014362141395282037
316,6,2,10,4.308642418584611e-05,1.4362141395282036e-05,7.181070697641019e-05
317,2,2,11,1.4362141395282036e-05,1.4362141395282036e-05,7.89917776740512e-05
318,9,3,26,6.462963627876917e-05,2.1543212092923055e-05,0.00018670783813866648
319,4,1,10,2.8724282790564072e-05,7.181070697641018e-06,7.181070697641019e-05
320,4,3,14,2.8724282790564072e-05,2.1543212092923055e-05,0.00010053498976697425
321,5,5,14,3.590535348820509e-05,3.590535348820509e-05,0.00010053498976697425
322,4,1,15,2.8724282790564072e-05,7.181070697641018e-06,0.00010771606046461527
323,2,2,8,1.4362141395282036e-05,1.4362141395282036e-05,5.7448565581128145e-05
325,1,3,9,7.181070697641018e-06,2.1543212092923055e-05,6.462963627876917e-05
326,2,2,15,1.4362141395282036e-05,1.4362141395282036e-05,0.00010771606046461527
328,6,3,12,4.308642418584611e-05,2.1543212092923055e-05,8.617284837169222e-05
329,4,6,5,2.8724282790564072e-05,4.308642418584611e-05,3.590535348820509e-05
330,5,3,14,3.590535348820509e-05,2.1543212092923055e-05,0.00010053498976697425
331,10,2,24,7.181070697641019e-05,1.4362141395282036e-05,0.00017234569674338444
332,5,2,14,3.590535348820509e-05,1.4362141395282036e-05,0.00010053498976697425
333,3,3,8,2.1543212092923055e-05,2.1543212092923055e-05,5.7448565581128145e-05
334,3,4,21,2.1543212092923055e-05,2.8724282790564072e-05,0.00015080248465046138
335,1,2,12,7.181070697641018e-06,1.4362141395282036e-05,8.617284837169222e-05
336,2,4,17,1.4362141395282036e-05,2.8724282790564072e-05,0.0001220782018598973
337,3,3,15,2.1543212092923055e-05,2.1543212092923055e-05,0.00010771606046461527
338,4,1,7,2.8724282790564072e-05,7.181070697641018e-06,5.026749488348713e-05
339,6,3,8,4.308642418584611e-05,2.1543212092923055e-05,5.7448565581128145e-05
340,5,0,9,3.590535348820509e-05,0.0,6.462963627876917e-05
341,2,1,12,1.4362141395282036e-05,7.181070697641018e-06,8.617284837169222e-05
342,2,4,8,1.4362141395282036e-05,2.8724282790564072e-05,5.7448565581128145e-05
343,3,4,6,2.1543212092923055e-05,2.8724282790564072e-05,4.308642418584611e-05
344,3,5,10,2.1543212092923055e-05,3.590535348820509e-05,7.181070697641019e-05
345,4,1,14,2.8724282790564072e-05,7.181070697641018e-06,0.00010053498976697425
346,6,1,10,4.308642418584611e-05,7.181070697641018e-06,7.181070697641019e-05
347,3,5,10,2.1543212092923055e-05,3.590535348820509e-05,7.181070697641019e-05
348,1,1,7,7.181070697641018e-06,7.181070697641018e-06,5.026749488348713e-05
349,3,4,6,2.1543212092923055e-05,2.8724282790564072e-05,4.308642418584611e-05
350,4,2,11,2.8724282790564072e-05,1.4362141395282036e-05,7.89917776740512e-05
351,2,1,5,1.4362141395282036e-05,7.181070697641018e-06,3.590535348820509e-05
352,6,1,6,4.308642418584611e-05,7.181070697641018e-06,4.308642418584611e-05
353,2,2,10,1.4362141395282036e-05,1.4362141395282036e-05,7.181070697641019e-05
354,1,2,9,7.181070697641018e-06,1.4362141395282036e-05,6.462963627876917e-05
355,3,1,4,2.1543212092923055e-05,7.181070697641018e-06,2.8724282790564072e-05
356,4,5,11,2.8724282790564072e-05,3.590535348820509e-05,7.89917776740512e-05
357,1,0,13,7.181070697641018e-06,0.0,9.335391906933324e-05
359,3,4,12,2.1543212092923055e-05,2.8724282790564072e-05,8.617284837169222e-05
360,2,2,17,1.4362141395282036e-05,1.4362141395282036e-05,0.0001220782018598973
361,1,1,6,7.181070697641018e-06,7.181070697641018e-06,4.308642418584611e-05
362,3,3,9,2.1543212092923055e-05,2.1543212092923055e-05,6.462963627876917e-05
363,3,0,15,2.1543212092923055e-05,0.0,0.00010771606046461527
364,3,2,4,2.1543212092923055e-05,1.4362141395282036e-05,2.8724282790564072e-05
365,6,3,8,4.308642418584611e-05,2.1543212092923055e-05,5.7448565581128145e-05
366,1,3,10,7.181070697641018e-06,2.1543212092923055e-05,7.181070697641019e-05
367,3,2,7,2.1543212092923055e-05,1.4362141395282036e-05,5.026749488348713e-05
368,3,1,8,2.1543212092923055e-05,7.181070697641018e-06,5.7448565581128145e-05
369,3,0,5,2.1543212092923055e-05,0.0,3.590535348820509e-05
370,1,0,10,7.181070697641018e-06,0.0,7.181070697641019e-05
371,4,1,4,2.8724282790564072e-05,7.181070697641018e-06,2.8724282790564072e-05
372,1,4,10,7.181070697641018e-06,2.8724282790564072e-05,7.181070697641019e-05
374,2,3,13,1.4362141395282036e-05,2.1543212092923055e-05,9.335391906933324e-05
375,6,3,8,4.308642418584611e-05,2.1543212092923055e-05,5.7448565581128145e-05
376,3,1,6,2.1543212092923055e-05,7.181070697641018e-06,4.308642418584611e-05
377,1,0,14,7.181070697641018e-06,0.0,0.00010053498976697425
378,1,2,5,7.181070697641018e-06,1.4362141395282036e-05,3.590535348820509e-05
380,2,0,5,1.4362141395282036e-05,0.0,3.590535348820509e-05
381,2,3,3,1.4362141395282036e-05,2.1543212092923055e-05,2.1543212092923055e-05
382,3,0,6,2.1543212092923055e-05,0.0,4.308642418584611e-05
383,2,1,3,1.4362141395282036e-05,7.181070697641018e-06,2.1543212092923055e-05
384,2,0,8,1.4362141395282036e-05,0.0,5.7448565581128145e-05
385,3,2,10,2.1543212092923055e-05,1.4362141395282036e-05,7.181070697641019e-05
387,5,2,7,3.590535348820509e-05,1.4362141395282036e-05,5.026749488348713e-05
388,2,2,12,1.4362141395282036e-05,1.4362141395282036e-05,8.617284837169222e-05
389,4,1,10,2.8724282790564072e-05,7.181070697641018e-06,7.181070697641019e-05
390,2,2,5,1.4362141395282036e-05,1.4362141395282036e-05,3.590535348820509e-05
391,2,1,9,1.4362141395282036e-05,7.181070697641018e-06,6.462963627876917e-05
392,5,3,6,3.590535348820509e-05,2.1543212092923055e-05,4.308642418584611e-05
393,5,1,7,3.590535348820509e-05,7.181070697641018e-06,5.026749488348713e-05
394,1,4,8,7.181070697641018e-06,2.8724282790564072e-05,5.7448565581128145e-05
395,5,2,5,3.590535348820509e-05,1.4362141395282036e-05,3.590535348820509e-05
396,1,1,9,7.181070697641018e-06,7.181070697641018e-06,6.462963627876917e-05
397,4,1,9,2.8724282790564072e-05,7.181070697641018e-06,6.462963627876917e-05
398,2,0,12,1.4362141395282036e-05,0.0,8.617284837169222e-05
400,4,3,6,2.8724282790564072e-05,2.1543212092923055e-05,4.308642418584611e-05
401,1,3,4,7.181070697641018e-06,2.1543212092923055e-05,2.8724282790564072e-05
402,3,4,9,2.1543212092923055e-05,2.8724282790564072e-05,6.462963627876917e-05
403,5,0,13,3.590535348820509e-05,0.0,9.335391906933324e-05
404,1,1,7,7.181070697641018e-06,7.181070697641018e-06,5.026749488348713e-05
405,1,2,4,7.181070697641018e-06,1.4362141395282036e-05,2.8724282790564072e-05
406,1,2,8,7.181070697641018e-06,1.4362141395282036e-05,5.7448565581128145e-05
407,1,1,7,7.181070697641018e-06,7.181070697641018e-06,5.026749488348713e-05
408,1,2,4,7.181070697641018e-06,1.4362141395282036e-05,2.8724282790564072e-05
411,2,0,11,1.4362141395282036e-05,0.0,7.89917776740512e-05
415,3,2,4,2.1543212092923055e-05,1.4362141395282036e-05,2.8724282790564072e-05
416,1,3,2,7.181070697641018e-06,2.1543212092923055e-05,1.4362141395282036e-05
418,1,0,2,7.181070697641018e-06,0.0,1.4362141395282036e-05
419,1,3,10,7.181070697641018e-06,2.1543212092923055e-05,7.181070697641019e-05
421,3,3,7,2.1543212092923055e-05,2.1543212092923055e-05,5.026749488348713e-05
422,2,1,2,1.4362141395282036e-05,7.181070697641018e-06,1.4362141395282036e-05
424,2,0,4,1.4362141395282036e-05,0.0,2.8724282790564072e-05
425,1,1,6,7.181070697641018e-06,7.181070697641018e-06,4.308642418584611e-05
426,5,1,5,3.590535348820509e-05,7.181070697641018e-06,3.590535348820509e-05
427,2,2,5,1.4362141395282036e-05,1.4362141395282036e-05,3.590535348820509e-05
428,4,1,6,2.8724282790564072e-05,7.181070697641018e-06,4.308642418584611e-05
429,2,2,11,1.4362141395282036e-05,1.4362141395282036e-05,7.89917776740512e-05
431,2,1,3,1.4362141395282036e-05,7.181070697641018e-06,2.1543212092923055e-05
432,1,0,2,7.181070697641018e-06,0.0,1.4362141395282036e-05
433,2,1,10,1.4362141395282036e-05,7.181070697641018e-06,7.181070697641019e-05
434,3,1,2,2.1543212092923055e-05,7.181070697641018e-06,1.4362141395282036e-05
436,2,1,5,1.4362141395282036e-05,7.181070697641018e-06,3.590535348820509e-05
437,3,0,4,2.1543212092923055e-05,0.0,2.8724282790564072e-05
439,1,0,8,7.181070697641018e-06,0.0,5.7448565581128145e-05
440,1,1,8,7.181070697641018e-06,7.181070697641018e-06,5.7448565581128145e-05
441,1,2,4,7.181070697641018e-06,1.4362141395282036e-05,2.8724282790564072e-05
443,4,0,2,2.8724282790564072e-05,0.0,1.4362141395282036e-05
444,2,0,2,1.4362141395282036e-05,0.0,1.4362141395282036e-05
445,1,0,5,7.181070697641018e-06,0.0,3.590535348820509e-05
446,3,1,4,2.1543212092923055e-05,7.181070697641018e-06,2.8724282790564072e-05
447,3,0,5,2.1543212092923055e-05,0.0,3.590535348820509e-05
449,1,0,8,7.181070697641018e-06,0.0,5.7448565581128145e-05
451,3,1,3,2.1543212092923055e-05,7.181070697641018e-06,2.1543212092923055e-05
452,1,0,3,7.181070697641018e-06,0.0,2.1543212092923055e-05
455,2,1,3,1.4362141395282036e-05,7.181070697641018e-06,2.1543212092923055e-05
456,3,2,4,2.1543212092923055e-05,1.4362141395282036e-05,2.8724282790564072e-05
457,1,0,3,7.181070697641018e-06,0.0,2.1543212092923055e-05
458,2,0,7,1.4362141395282036e-05,0.0,5.026749488348713e-05
459,2,0,4,1.4362141395282036e-05,0.0,2.8724282790564072e-05
460,1,0,4,7.181070697641018e-06,0.0,2.8724282790564072e-05
463,1,0,1,7.181070697641018e-06,0.0,7.181070697641018e-06
466,1,1,4,7.181070697641018e-06,7.181070697641018e-06,2.8724282790564072e-05
468,1,1,3,7.181070697641018e-06,7.181070697641018e-06,2.1543212092923055e-05
470,2,1,4,1.4362141395282036e-05,7.181070697641018e-06,2.8724282790564072e-05
474,2,0,1,1.4362141395282036e-05,0.0,7.181070697641018e-06
479,1,0,1,7.181070697641018e-06,0.0,7.181070697641018e-06
480,1,2,7,7.181070697641018e-06,1.4362141395282036e-05,5.026749488348713e-05
481,1,0,2,7.181070697641018e-06,0.0,1.4362141395282036e-05
482,1,0,4,7.181070697641018e-06,0.0,2.8724282790564072e-05
483,1,1,4,7.181070697641018e-06,7.181070697641018e-06,2.8724282790564072e-05
486,1,1,6,7.181070697641018e-06,7.181070697641018e-06,4.308642418584611e-05
487,2,1,2,1.4362141395282036e-05,7.181070697641018e-06,1.4362141395282036e-05
492,1,0,4,7.181070697641018e-06,0.0,2.8724282790564072e-05
495,1,0,6,7.181070697641018e-06,0.0,4.308642418584611e-05
497,1,0,4,7.181070697641018e-06,0.0,2.8724282790564072e-05
500,2,0,3,1.4362141395282036e-05,0.0,2.1543212092923055e-05
503,1,0,1,7.181070697641018e-06,0.0,7.181070697641018e-06
504,2,0,4,1.4362141395282036e-05,0.0,2.8724282790564072e-05
505,1,0,4,7.181070697641018e-06,0.0,2.8724282790564072e-05
507,1,2,4,7.181070697641018e-06,1.4362141395282036e-05,2.8724282790564072e-05
508,2,1,4,1.4362141395282036e-05,7.181070697641018e-06,2.8724282790564072e-05
510,2,0,4,1.4362141395282036e-05,0.0,2.8724282790564072e-05
511,1,0,2,7.181070697641018e-06,0.0,1.4362141395282036e-05
513,2,1,5,1.4362141395282036e-05,7.181070697641018e-06,3.590535348820509e-05
514,1,0,2,7.181070697641018e-06,0.0,1.4362141395282036e-05
515,2,2,1,1.4362141395282036e-05,1.4362141395282036e-05,7.181070697641018e-06
516,2,0,9,1.4362141395282036e-05,0.0,6.462963627876917e-05
519,1,1,2,7.181070697641018e-06,7.181070697641018e-06,1.4362141395282036e-05
521,2,1,3,1.4362141395282036e-05,7.181070697641018e-06,2.1543212092923055e-05
523,3,1,0,2.1543212092923055e-05,7.181070697641018e-06,0.0
527,1,0,2,7.181070697641018e-06,0.0,1.4362141395282036e-05
528,1,1,3,7.181070697641018e-06,7.181070697641018e-06,2.1543212092923055e-05
529,1,2,4,7.181070697641018e-06,1.4362141395282036e-05,2.8724282790564072e-05
531,1,1,0,7.181070697641018e-06,7.181070697641018e-06,0.0
533,1,0,0,7.181070697641018e-06,0.0,0.0
534,3,1,5,2.1543212092923055e-05,7.181070697641018e-06,3.590535348820509e-05
536,1,0,3,7.181070697641018e-06,0.0,2.1543212092923055e-05
539,1,0,2,7.181070697641018e-06,0.0,1.4362141395282036e-05
542,2,0,2,1.4362141395282036e-05,0.0,1.4362141395282036e-05
545,2,2,2,1.4362141395282036e-05,1.4362141395282036e-05,1.4362141395282036e-05
553,2,0,3,1.4362141395282036e-05,0.0,2.1543212092923055e-05
559,3,0,3,2.1543212092923055e-05,0.0,2.1543212092923055e-05
561,1,0,3,7.181070697641018e-06,0.0,2.1543212092923055e-05
566,1,1,1,7.181070697641018e-06,7.181070697641018e-06,7.181070697641018e-06
567,1,2,2,7.181070697641018e-06,1.4362141395282036e-05,1.4362141395282036e-05
568,1,0,2,7.181070697641018e-06,0.0,1.4362141395282036e-05
571,1,0,2,7.181070697641018e-06,0.0,1.4362141395282036e-05
572,2,0,4,1.4362141395282036e-05,0.0,2.8724282790564072e-05
574,1,0,0,7.181070697641018e-06,0.0,0.0
576,1,0,2,7.181070697641018e-06,0.0,1.4362141395282036e-05
581,1,1,2,7.181070697641018e-06,7.181070697641018e-06,1.4362141395282036e-05
585,1,0,1,7.181070697641018e-06,0.0,7.181070697641018e-06
587,1,0,5,7.181070697641018e-06,0.0,3.590535348820509e-05
589,1,0,2,7.181070697641018e-06,0.0,1.4362141395282036e-05
595,1,1,2,7.181070697641018e-06,7.181070697641018e-06,1.4362141395282036e-05
596,1,0,3,7.181070697641018e-06,0.0,2.1543212092923055e-05
597,1,0,1,7.181070697641018e-06,0.0,7.181070697641018e-06
598,1,0,4,7.181070697641018e-06,0.0,2.8724282790564072e-05
602,1,0,1,7.181070697641018e-06,0.0,7.181070697641018e-06
604,1,0,3,7.181070697641018e-06,0.0,2.1543212092923055e-05
606,1,1,1,7.181070697641018e-06,7.181070697641018e-06,7.181070697641018e-06
608,1,1,0,7.181070697641018e-06,7.181070697641018e-06,0.0
612,1,1,1,7.181070697641018e-06,7.181070697641018e-06,7.181070697641018e-06
613,1,1,3,7.181070697641018e-06,7.181070697641018e-06,2.1543212092923055e-05
615,2,1,1,1.4362141395282036e-05,7.181070697641018e-06,7.181070697641018e-06
616,1,0,0,7.181070697641018e-06,0.0,0.0
619,1,0,1,7.181070697641018e-06,0.0,7.181070697641018e-06
621,1,0,2,7.181070697641018e-06,0.0,1.4362141395282036e-05
623,3,1,1,2.1543212092923055e-05,7.181070697641018e-06,7.181070697641018e-06
638,1,0,1,7.181070697641018e-06,0.0,7.181070697641018e-06
644,1,0,2,7.181070697641018e-06,0.0,1.4362141395282036e-05
645,2,1,1,1.4362141395282036e-05,7.181070697641018e-06,7.181070697641018e-06
647,2,0,4,1.4362141395282036e-05,0.0,2.8724282790564072e-05
649,2,1,1,1.4362141395282036e-05,7.181070697641018e-06,7.181070697641018e-06
651,1,1,1,7.181070697641018e-06,7.181070697641018e-06,7.181070697641018e-06
658,1,0,0,7.181070697641018e-06,0.0,0.0
660,3,1,1,2.1543212092923055e-05,7.181070697641018e-06,7.181070697641018e-06
661,1,0,0,7.181070697641018e-06,0.0,0.0
662,1,0,2,7.181070697641018e-06,0.0,1.4362141395282036e-05
663,1,1,1,7.181070697641018e-06,7.181070697641018e-06,7.181070697641018e-06
665,1,0,2,7.181070697641018e-06,0.0,1.4362141395282036e-05
666,1,2,1,7.181070697641018e-06,1.4362141395282036e-05,7.181070697641018e-06
668,1,0,3,7.181070697641018e-06,0.0,2.1543212092923055e-05
670,1,1,1,7.181070697641018e-06,7.181070697641018e-06,7.181070697641018e-06
671,2,0,2,1.4362141395282036e-05,0.0,1.4362141395282036e-05
672,1,0,1,7.181070697641018e-06,0.0,7.181070697641018e-06
673,1,0,1,7.181070697641018e-06,0.0,7.181070697641018e-06
680,1,0,3,7.181070697641018e-06,0.0,2.1543212092923055e-05
681,1,1,1,7.181070697641018e-06,7.181070697641018e-06,7.181070697641018e-06
683,1,1,0,7.181070697641018e-06,7.181070697641018e-06,0.0
685,1,0,1,7.181070697641018e-06,0.0,7.181070697641018e-06
701,2,1,3,1.4362141395282036e-05,7.181070697641018e-06,2.1543212092923055e-05
702,1,0,1,7.181070697641018e-06,0.0,7.181070697641018e-06
704,1,0,0,7.181070697641018e-06,0.0,0.0
708,1,0,0,7.181070697641018e-06,0.0,0.0
711,1,0,0,7.181070697641018e-06,0.0,0.0
717,1,0,0,7.181070697641018e-06,0.0,0.0
718,1,0,1,7.181070697641018e-06,0.0,7.181070697641018e-06
721,1,0,1,7.181070697641018e-06,0.0,7.181070697641018e-06
726,1,0,0,7.181070697641018e-06,0.0,0.0
727,2,0,2,1.4362141395282036e-05,0.0,1.4362141395282036e-05
729,1,0,1,7.181070697641018e-06,0.0,7.181070697641018e-06
734,2,0,2,1.4362141395282036e-05,0.0,1.4362141395282036e-05
736,1,0,0,7.181070697641018e-06,0.0,0.0
739,1,1,0,7.181070697641018e-06,7.181070697641018e-06,0.0
741,1,0,2,7.181070697641018e-06,0.0,1.4362141395282036e-05
744,1,0,1,7.181070697641018e-06,0.0,7.181070697641018e-06
745,1,0,2,7.181070697641018e-06,0.0,1.4362141395282036e-05
746,1,0,1,7.181070697641018e-06,0.0,7.181070697641018e-06
749,1,0,0,7.181070697641018e-06,0.0,0.0
760,1,0,1,7.181070697641018e-06,0.0,7.181070697641018e-06
764,1,0,0,7.181070697641018e-06,0.0,0.0
766,1,0,2,7.181070697641018e-06,0.0,1.4362141395282036e-05
770,1,0,1,7.181070697641018e-06,0.0,7.181070697641018e-06
779,1,0,0,7.181070697641018e-06,0.0,0.0
780,2,0,0,1.4362141395282036e-05,0.0,0.0
785,1,0,0,7.181070697641018e-06,0.0,0.0
790,1,0,0,7.181070697641018e-06,0.0,0.0
804,1,0,0,7.181070697641018e-06,0.0,0.0
807,1,0,1,7.181070697641018e-06,0.0,7.181070697641018e-06
813,1,0,3,7.181070697641018e-06,0.0,2.1543212092923055e-05
819,1,1,2,7.181070697641018e-06,7.181070697641018e-06,1.4362141395282036e-05
821,1,0,0,7.181070697641018e-06,0.0,0.0
825,1,0,1,7.181070697641018e-06,0.0,7.181070697641018e-06
830,1,0,0,7.181070697641018e-06,0.0,0.0
833,1,0,1,7.181070697641018e-06,0.0,7.181070697641018e-06
835,1,0,1,7.181070697641018e-06,0.0,7.181070697641018e-06
840,1,0,0,7.181070697641018e-06,0.0,0.0
843,1,0,0,7.181070697641018e-06,0.0,0.0
844,1,0,0,7.181070697641018e-06,0.0,0.0
846,1,0,0,7.181070697641018e-06,0.0,0.0
853,2,0,0,1.4362141395282036e-05,0.0,0.0
858,1,0,2,7.181070697641018e-06,0.0,1.4362141395282036e-05
870,1,0,1,7.181070697641018e-06,0.0,7.181070697641018e-06
873,1,0,0,7.181070697641018e-06,0.0,0.0
875,1,0,0,7.181070697641018e-06,0.0,0.0
895,1,1,0,7.181070697641018e-06,7.181070697641018e-06,0.0
902,1,1,1,7.181070697641018e-06,7.181070697641018e-06,7.181070697641018e-06
906,1,0,0,7.181070697641018e-06,0.0,0.0
912,1,0,0,7.181070697641018e-06,0.0,0.0
914,1,0,0,7.181070697641018e-06,0.0,0.0
919,1,0,0,7.181070697641018e-06,0.0,0.0
921,1,1,0,7.181070697641018e-06,7.181070697641018e-06,0.0
922,1,1,0,7.181070697641018e-06,7.181070697641018e-06,0.0
936,1,0,0,7.181070697641018e-06,0.0,0.0
939,1,0,0,7.181070697641018e-06,0.0,0.0
952,1,0,1,7.181070697641018e-06,0.0,7.181070697641018e-06
976,1,0,0,7.181070697641018e-06,0.0,0.0
987,1,0,0,7.181070697641018e-06,0.0,0.0
991,2,0,0,1.4362141395282036e-05,0.0,0.0
994,1,0,0,7.181070697641018e-06,0.0,0.0
1006,1,0,0,7.181070697641018e-06,0.0,0.0
1014,1,1,0,7.181070697641018e-06,7.181070697641018e-06,0.0
1015,1,0,0,7.181070697641018e-06,0.0,0.0
1032,1,0,0,7.181070697641018e-06,0.0,0.0
1041,1,0,1,7.181070697641018e-06,0.0,7.181070697641018e-06
1045,1,0,0,7.181070697641018e-06,0.0,0.0
1061,1,0,0,7.181070697641018e-06,0.0,0.0
1062,1,0,0,7.181070697641018e-06,0.0,0.0
1079,1,0,0,7.181070697641018e-06,0.0,0.0
1087,1,0,0,7.181070697641018e-06,0.0,0.0
1112,1,0,0,7.181070697641018e-06,0.0,0.0
1119,1,1,1,7.181070697641018e-06,7.181070697641018e-06,7.181070697641018e-06
1143,1,0,0,7.181070697641018e-06,0.0,0.0
1158,1,0,0,7.181070697641018e-06,0.0,0.0
1165,1,0,0,7.181070697641018e-06,0.0,0.0
1171,1,0,2,7.181070697641018e-06,0.0,1.4362141395282036e-05
1174,1,0,0,7.181070697641018e-06,0.0,0.0
1175,1,0,0,7.181070697641018e-06,0.0,0.0
1180,2,0,1,1.4362141395282036e-05,0.0,7.181070697641018e-06
1202,1,0,0,7.181070697641018e-06,0.0,0.0
1217,1,0,1,7.181070697641018e-06,0.0,7.181070697641018e-06
1220,1,0,0,7.181070697641018e-06,0.0,0.0
1243,1,1,0,7.181070697641018e-06,7.181070697641018e-06,0.0
1248,1,0,0,7.181070697641018e-06,0.0,0.0
1309,1,0,1,7.181070697641018e-06,0.0,7.181070697641018e-06
1317,1,0,0,7.181070697641018e-06,0.0,0.0
1353,1,0,0,7.181070697641018e-06,0.0,0.0
1381,1,1,0,7.181070697641018e-06,7.181070697641018e-06,0.0
1385,1,0,0,7.181070697641018e-06,0.0,0.0
1391,1,0,0,7.181070697641018e-06,0.0,0.0
1407,1,0,0,7.181070697641018e-06,0.0,0.0
1435,1,0,0,7.181070697641018e-06,0.0,0.0
1446,1,1,0,7.181070697641018e-06,7.181070697641018e-06,0.0
1464,1,0,0,7.181070697641018e-06,0.0,0.0
1472,2,1,0,1.4362141395282036e-05,7.181070697641018e-06,0.0
1502,1,0,0,7.181070697641018e-06,0.0,0.0
1557,1,0,0,7.181070697641018e-06,0.0,0.0
1561,2,0,0,1.4362141395282036e-05,0.0,0.0
1575,1,0,0,7.181070697641018e-06,0.0,0.0
1577,1,0,0,7.181070697641018e-06,0.0,0.0
1642,1,0,0,7.181070697641018e-06,0.0,0.0
1658,1,0,0,7.181070697641018e-06,0.0,0.0
1676,1,0,0,7.181070697641018e-06,0.0,0.0
1700,1,0,0,7.181070697641018e-06,0.0,0.0
1709,1,0,0,7.181070697641018e-06,0.0,0.0
1746,1,0,0,7.181070697641018e-06,0.0,0.0
1832,1,0,0,7.181070697641018e-06,0.0,0.0
1936,1,0,0,7.181070697641018e-06,0.0,0.0
1986,1,0,0,7.181070697641018e-06,0.0,0.0
2049,1,0,0,7.181070697641018e-06,0.0,0.0
2138,1,0,0,7.181070697641018e-06,0.0,0.0
2172,1,0,0,7.181070697641018e-06,0.0,0.0
2183,1,0,0,7.181070697641018e-06,0.0,0.0
2197,1,0,0,7.181070697641018e-06,0.0,0.0
2246,1,0,0,7.181070697641018e-06,0.0,0.0
2633,1,0,0,7.181070697641018e-06,0.0,0.0
2654,1,0,0,7.181070697641018e-06,0.0,0.0
2875,1,0,0,7.181070697641018e-06,0.0,0.0
2883,1,0,0,7.181070697641018e-06,0.0,0.0
5997,1,0,0,7.181070697641018e-06,0.0,0.0
6261,1,0,0,7.181070697641018e-06,0.0,0.0
327,0,2,15,0.0,1.4362141395282036e-05,0.00010771606046461527
358,0,4,9,0.0,2.8724282790564072e-05,6.462963627876917e-05
373,0,2,13,0.0,1.4362141395282036e-05,9.335391906933324e-05
399,0,2,6,0.0,1.4362141395282036e-05,4.308642418584611e-05
410,0,1,5,0.0,7.181070697641018e-06,3.590535348820509e-05
420,0,1,2,0.0,7.181070697641018e-06,1.4362141395282036e-05
423,0,1,4,0.0,7.181070697641018e-06,2.8724282790564072e-05
430,0,2,6,0.0,1.4362141395282036e-05,4.308642418584611e-05
435,0,3,7,0.0,2.1543212092923055e-05,5.026749488348713e-05
448,0,1,3,0.0,7.181070697641018e-06,2.1543212092923055e-05
450,0,2,2,0.0,1.4362141395282036e-05,1.4362141395282036e-05
453,0,1,0,0.0,7.181070697641018e-06,0.0
454,0,1,2,0.0,7.181070697641018e-06,1.4362141395282036e-05
465,0,2,2,0.0,1.4362141395282036e-05,1.4362141395282036e-05
467,0,1,4,0.0,7.181070697641018e-06,2.8724282790564072e-05
469,0,1,2,0.0,7.181070697641018e-06,1.4362141395282036e-05
471,0,2,2,0.0,1.4362141395282036e-05,1.4362141395282036e-05
473,0,1,6,0.0,7.181070697641018e-06,4.308642418584611e-05
475,0,2,5,0.0,1.4362141395282036e-05,3.590535348820509e-05
476,0,1,6,0.0,7.181070697641018e-06,4.308642418584611e-05
477,0,1,6,0.0,7.181070697641018e-06,4.308642418584611e-05
478,0,1,1,0.0,7.181070697641018e-06,7.181070697641018e-06
488,0,1,0,0.0,7.181070697641018e-06,0.0
494,0,1,10,0.0,7.181070697641018e-06,7.181070697641019e-05
498,0,2,6,0.0,1.4362141395282036e-05,4.308642418584611e-05
499,0,1,5,0.0,7.181070697641018e-06,3.590535348820509e-05
501,0,1,2,0.0,7.181070697641018e-06,1.4362141395282036e-05
502,0,1,3,0.0,7.181070697641018e-06,2.1543212092923055e-05
506,0,3,3,0.0,2.1543212092923055e-05,2.1543212092923055e-05
520,0,1,1,0.0,7.181070697641018e-06,7.181070697641018e-06
530,0,1,6,0.0,7.181070697641018e-06,4.308642418584611e-05
532,0,1,4,0.0,7.181070697641018e-06,2.8724282790564072e-05
535,0,1,4,0.0,7.181070697641018e-06,2.8724282790564072e-05
537,0,3,3,0.0,2.1543212092923055e-05,2.1543212092923055e-05
544,0,1,2,0.0,7.181070697641018e-06,1.4362141395282036e-05
551,0,1,4,0.0,7.181070697641018e-06,2.8724282790564072e-05
556,0,1,1,0.0,7.181070697641018e-06,7.181070697641018e-06
558,0,1,1,0.0,7.181070697641018e-06,7.181070697641018e-06
565,0,1,4,0.0,7.181070697641018e-06,2.8724282790564072e-05
577,0,2,2,0.0,1.4362141395282036e-05,1.4362141395282036e-05
584,0,2,4,0.0,1.4362141395282036e-05,2.8724282790564072e-05
586,0,2,0,0.0,1.4362141395282036e-05,0.0
590,0,1,1,0.0,7.181070697641018e-06,7.181070697641018e-06
592,0,1,4,0.0,7.181070697641018e-06,2.8724282790564072e-05
594,0,1,3,0.0,7.181070697641018e-06,2.1543212092923055e-05
599,0,1,0,0.0,7.181070697641018e-06,0.0
601,0,1,3,0.0,7.181070697641018e-06,2.1543212092923055e-05
607,0,2,4,0.0,1.4362141395282036e-05,2.8724282790564072e-05
609,0,1,0,0.0,7.181070697641018e-06,0.0
611,0,1,0,0.0,7.181070697641018e-06,0.0
614,0,1,0,0.0,7.181070697641018e-06,0.0
622,0,1,0,0.0,7.181070697641018e-06,0.0
630,0,1,1,0.0,7.181070697641018e-06,7.181070697641018e-06
634,0,1,1,0.0,7.181070697641018e-06,7.181070697641018e-06
635,0,1,1,0.0,7.181070697641018e-06,7.181070697641018e-06
637,0,1,4,0.0,7.181070697641018e-06,2.8724282790564072e-05
640,0,1,3,0.0,7.181070697641018e-06,2.1543212092923055e-05
641,0,1,1,0.0,7.181070697641018e-06,7.181070697641018e-06
652,0,2,1,0.0,1.4362141395282036e-05,7.181070697641018e-06
653,0,1,0,0.0,7.181070697641018e-06,0.0
656,0,1,1,0.0,7.181070697641018e-06,7.181070697641018e-06
657,0,2,2,0.0,1.4362141395282036e-05,1.4362141395282036e-05
677,0,1,0,0.0,7.181070697641018e-06,0.0
686,0,2,4,0.0,1.4362141395282036e-05,2.8724282790564072e-05
690,0,1,1,0.0,7.181070697641018e-06,7.181070697641018e-06
698,0,1,3,0.0,7.181070697641018e-06,2.1543212092923055e-05
703,0,1,3,0.0,7.181070697641018e-06,2.1543212092923055e-05
706,0,1,1,0.0,7.181070697641018e-06,7.181070697641018e-06
707,0,1,1,0.0,7.181070697641018e-06,7.181070697641018e-06
712,0,1,2,0.0,7.181070697641018e-06,1.4362141395282036e-05
715,0,1,0,0.0,7.181070697641018e-06,0.0
720,0,1,1,0.0,7.181070697641018e-06,7.181070697641018e-06
730,0,1,2,0.0,7.181070697641018e-06,1.4362141395282036e-05
747,0,2,1,0.0,1.4362141395282036e-05,7.181070697641018e-06
751,0,1,0,0.0,7.181070697641018e-06,0.0
756,0,1,1,0.0,7.181070697641018e-06,7.181070697641018e-06
759,0,1,2,0.0,7.181070697641018e-06,1.4362141395282036e-05
772,0,1,2,0.0,7.181070697641018e-06,1.4362141395282036e-05
774,0,1,0,0.0,7.181070697641018e-06,0.0
781,0,1,1,0.0,7.181070697641018e-06,7.181070697641018e-06
786,0,1,0,0.0,7.181070697641018e-06,0.0
791,0,1,2,0.0,7.181070697641018e-06,1.4362141395282036e-05
795,0,1,0,0.0,7.181070697641018e-06,0.0
801,0,1,3,0.0,7.181070697641018e-06,2.1543212092923055e-05
806,0,1,2,0.0,7.181070697641018e-06,1.4362141395282036e-05
812,0,1,0,0.0,7.181070697641018e-06,0.0
823,0,1,2,0.0,7.181070697641018e-06,1.4362141395282036e-05
827,0,1,0,0.0,7.181070697641018e-06,0.0
869,0,1,1,0.0,7.181070697641018e-06,7.181070697641018e-06
871,0,1,0,0.0,7.181070697641018e-06,0.0
877,0,1,0,0.0,7.181070697641018e-06,0.0
878,0,2,0,0.0,1.4362141395282036e-05,0.0
882,0,1,0,0.0,7.181070697641018e-06,0.0
887,0,1,0,0.0,7.181070697641018e-06,0.0
889,0,1,0,0.0,7.181070697641018e-06,0.0
923,0,2,0,0.0,1.4362141395282036e-05,0.0
942,0,1,0,0.0,7.181070697641018e-06,0.0
946,0,1,0,0.0,7.181070697641018e-06,0.0
953,0,1,1,0.0,7.181070697641018e-06,7.181070697641018e-06
956,0,1,0,0.0,7.181070697641018e-06,0.0
957,0,1,0,0.0,7.181070697641018e-06,0.0
971,0,1,1,0.0,7.181070697641018e-06,7.181070697641018e-06
999,0,1,1,0.0,7.181070697641018e-06,7.181070697641018e-06
1019,0,1,0,0.0,7.181070697641018e-06,0.0
1086,0,1,1,0.0,7.181070697641018e-06,7.181070697641018e-06
1113,0,1,0,0.0,7.181070697641018e-06,0.0
1130,0,1,0,0.0,7.181070697641018e-06,0.0
1137,0,1,0,0.0,7.181070697641018e-06,0.0
1141,0,1,1,0.0,7.181070697641018e-06,7.181070697641018e-06
1153,0,1,0,0.0,7.181070697641018e-06,0.0
1209,0,1,0,0.0,7.181070697641018e-06,0.0
1211,0,1,0,0.0,7.181070697641018e-06,0.0
1258,0,2,1,0.0,1.4362141395282036e-05,7.181070697641018e-06
1292,0,1,0,0.0,7.181070697641018e-06,0.0
1319,0,1,0,0.0,7.181070697641018e-06,0.0
1344,0,1,0,0.0,7.181070697641018e-06,0.0
1374,0,1,0,0.0,7.181070697641018e-06,0.0
1394,0,1,0,0.0,7.181070697641018e-06,0.0
1396,0,1,0,0.0,7.181070697641018e-06,0.0
1426,0,1,0,0.0,7.181070697641018e-06,0.0
1534,0,2,0,0.0,1.4362141395282036e-05,0.0
1596,0,1,0,0.0,7.181070697641018e-06,0.0
1713,0,1,0,0.0,7.181070697641018e-06,0.0
1784,0,1,0,0.0,7.181070697641018e-06,0.0
1815,0,1,0,0.0,7.181070697641018e-06,0.0
1823,0,1,0,0.0,7.181070697641018e-06,0.0
1824,0,2,0,0.0,1.4362141395282036e-05,0.0
1863,0,1,0,0.0,7.181070697641018e-06,0.0
1872,0,1,0,0.0,7.181070697641018e-06,0.0
1873,0,1,0,0.0,7.181070697641018e-06,0.0
1947,0,1,0,0.0,7.181070697641018e-06,0.0
1966,0,1,0,0.0,7.181070697641018e-06,0.0
1967,0,1,0,0.0,7.181070697641018e-06,0.0
1992,0,1,0,0.0,7.181070697641018e-06,0.0
2009,0,1,0,0.0,7.181070697641018e-06,0.0
2378,0,1,0,0.0,7.181070697641018e-06,0.0
2443,0,1,0,0.0,7.181070697641018e-06,0.0
2504,0,1,0,0.0,7.181070697641018e-06,0.0
2779,0,1,0,0.0,7.181070697641018e-06,0.0
2795,0,1,0,0.0,7.181070697641018e-06,0.0
6447,0,1,0,0.0,7.181070697641018e-06,0.0
6523,0,1,0,0.0,7.181070697641018e-06,0.0
324,0,0,13,0.0,0.0,9.335391906933324e-05
379,0,0,9,0.0,0.0,6.462963627876917e-05
386,0,0,4,0.0,0.0,2.8724282790564072e-05
409,0,0,8,0.0,0.0,5.7448565581128145e-05
412,0,0,8,0.0,0.0,5.7448565581128145e-05
413,0,0,3,0.0,0.0,2.1543212092923055e-05
414,0,0,7,0.0,0.0,5.026749488348713e-05
417,0,0,7,0.0,0.0,5.026749488348713e-05
438,0,0,2,0.0,0.0,1.4362141395282036e-05
442,0,0,7,0.0,0.0,5.026749488348713e-05
461,0,0,8,0.0,0.0,5.7448565581128145e-05
462,0,0,1,0.0,0.0,7.181070697641018e-06
464,0,0,8,0.0,0.0,5.7448565581128145e-05
472,0,0,7,0.0,0.0,5.026749488348713e-05
484,0,0,2,0.0,0.0,1.4362141395282036e-05
489,0,0,4,0.0,0.0,2.8724282790564072e-05
490,0,0,6,0.0,0.0,4.308642418584611e-05
491,0,0,2,0.0,0.0,1.4362141395282036e-05
493,0,0,2,0.0,0.0,1.4362141395282036e-05
496,0,0,2,0.0,0.0,1.4362141395282036e-05
509,0,0,6,0.0,0.0,4.308642418584611e-05
512,0,0,4,0.0,0.0,2.8724282790564072e-05
517,0,0,3,0.0,0.0,2.1543212092923055e-05
518,0,0,3,0.0,0.0,2.1543212092923055e-05
522,0,0,2,0.0,0.0,1.4362141395282036e-05
524,0,0,2,0.0,0.0,1.4362141395282036e-05
525,0,0,1,0.0,0.0,7.181070697641018e-06
526,0,0,1,0.0,0.0,7.181070697641018e-06
538,0,0,3,0.0,0.0,2.1543212092923055e-05
540,0,0,2,0.0,0.0,1.4362141395282036e-05
541,0,0,4,0.0,0.0,2.8724282790564072e-05
543,0,0,6,0.0,0.0,4.308642418584611e-05
546,0,0,5,0.0,0.0,3.590535348820509e-05
548,0,0,2,0.0,0.0,1.4362141395282036e-05
550,0,0,6,0.0,0.0,4.308642418584611e-05
552,0,0,1,0.0,0.0,7.181070697641018e-06
554,0,0,3,0.0,0.0,2.1543212092923055e-05
555,0,0,3,0.0,0.0,2.1543212092923055e-05
557,0,0,2,0.0,0.0,1.4362141395282036e-05
560,0,0,1,0.0,0.0,7.181070697641018e-06
562,0,0,3,0.0,0.0,2.1543212092923055e-05
563,0,0,1,0.0,0.0,7.181070697641018e-06
564,0,0,3,0.0,0.0,2.1543212092923055e-05
569,0,0,1,0.0,0.0,7.181070697641018e-06
570,0,0,1,0.0,0.0,7.181070697641018e-06
578,0,0,2,0.0,0.0,1.4362141395282036e-05
579,0,0,3,0.0,0.0,2.1543212092923055e-05
580,0,0,1,0.0,0.0,7.181070697641018e-06
582,0,0,4,0.0,0.0,2.8724282790564072e-05
583,0,0,5,0.0,0.0,3.590535348820509e-05
588,0,0,1,0.0,0.0,7.181070697641018e-06
591,0,0,3,0.0,0.0,2.1543212092923055e-05
593,0,0,1,0.0,0.0,7.181070697641018e-06
600,0,0,3,0.0,0.0,2.1543212092923055e-05
603,0,0,4,0.0,0.0,2.8724282790564072e-05
605,0,0,2,0.0,0.0,1.4362141395282036e-05
610,0,0,1,0.0,0.0,7.181070697641018e-06
617,0,0,2,0.0,0.0,1.4362141395282036e-05
618,0,0,5,0.0,0.0,3.590535348820509e-05
620,0,0,1,0.0,0.0,7.181070697641018e-06
625,0,0,1,0.0,0.0,7.181070697641018e-06
626,0,0,1,0.0,0.0,7.181070697641018e-06
629,0,0,1,0.0,0.0,7.181070697641018e-06
631,0,0,2,0.0,0.0,1.4362141395282036e-05
632,0,0,1,0.0,0.0,7.181070697641018e-06
633,0,0,2,0.0,0.0,1.4362141395282036e-05
639,0,0,3,0.0,0.0,2.1543212092923055e-05
642,0,0,3,0.0,0.0,2.1543212092923055e-05
654,0,0,2,0.0,0.0,1.4362141395282036e-05
655,0,0,2,0.0,0.0,1.4362141395282036e-05
674,0,0,2,0.0,0.0,1.4362141395282036e-05
675,0,0,3,0.0,0.0,2.1543212092923055e-05
676,0,0,2,0.0,0.0,1.4362141395282036e-05
678,0,0,1,0.0,0.0,7.181070697641018e-06
679,0,0,1,0.0,0.0,7.181070697641018e-06
684,0,0,2,0.0,0.0,1.4362141395282036e-05
687,0,0,1,0.0,0.0,7.181070697641018e-06
688,0,0,3,0.0,0.0,2.1543212092923055e-05
691,0,0,2,0.0,0.0,1.4362141395282036e-05
694,0,0,1,0.0,0.0,7.181070697641018e-06
695,0,0,1,0.0,0.0,7.181070697641018e-06
696,0,0,2,0.0,0.0,1.4362141395282036e-05
697,0,0,1,0.0,0.0,7.181070697641018e-06
705,0,0,1,0.0,0.0,7.181070697641018e-06
713,0,0,2,0.0,0.0,1.4362141395282036e-05
714,0,0,1,0.0,0.0,7.181070697641018e-06
716,0,0,2,0.0,0.0,1.4362141395282036e-05
724,0,0,1,0.0,0.0,7.181070697641018e-06
725,0,0,2,0.0,0.0,1.4362141395282036e-05
735,0,0,2,0.0,0.0,1.4362141395282036e-05
740,0,0,2,0.0,0.0,1.4362141395282036e-05
748,0,0,1,0.0,0.0,7.181070697641018e-06
750,0,0,1,0.0,0.0,7.181070697641018e-06
755,0,0,2,0.0,0.0,1.4362141395282036e-05
758,0,0,2,0.0,0.0,1.4362141395282036e-05
761,0,0,1,0.0,0.0,7.181070697641018e-06
765,0,0,1,0.0,0.0,7.181070697641018e-06
768,0,0,1,0.0,0.0,7.181070697641018e-06
771,0,0,2,0.0,0.0,1.4362141395282036e-05
773,0,0,1,0.0,0.0,7.181070697641018e-06
776,0,0,1,0.0,0.0,7.181070697641018e-06
778,0,0,1,0.0,0.0,7.181070697641018e-06
782,0,0,3,0.0,0.0,2.1543212092923055e-05
783,0,0,1,0.0,0.0,7.181070697641018e-06
784,0,0,2,0.0,0.0,1.4362141395282036e-05
788,0,0,1,0.0,0.0,7.181070697641018e-06
789,0,0,1,0.0,0.0,7.181070697641018e-06
794,0,0,2,0.0,0.0,1.4362141395282036e-05
797,0,0,1,0.0,0.0,7.181070697641018e-06
798,0,0,2,0.0,0.0,1.4362141395282036e-05
808,0,0,1,0.0,0.0,7.181070697641018e-06
817,0,0,1,0.0,0.0,7.181070697641018e-06
822,0,0,2,0.0,0.0,1.4362141395282036e-05
824,0,0,2,0.0,0.0,1.4362141395282036e-05
826,0,0,2,0.0,0.0,1.4362141395282036e-05
829,0,0,3,0.0,0.0,2.1543212092923055e-05
832,0,0,1,0.0,0.0,7.181070697641018e-06
836,0,0,1,0.0,0.0,7.181070697641018e-06
839,0,0,1,0.0,0.0,7.181070697641018e-06
841,0,0,2,0.0,0.0,1.4362141395282036e-05
847,0,0,1,0.0,0.0,7.181070697641018e-06
848,0,0,1,0.0,0.0,7.181070697641018e-06
852,0,0,1,0.0,0.0,7.181070697641018e-06
855,0,0,2,0.0,0.0,1.4362141395282036e-05
856,0,0,1,0.0,0.0,7.181070697641018e-06
859,0,0,2,0.0,0.0,1.4362141395282036e-05
862,0,0,2,0.0,0.0,1.4362141395282036e-05
863,0,0,1,0.0,0.0,7.181070697641018e-06
865,0,0,2,0.0,0.0,1.4362141395282036e-05
866,0,0,2,0.0,0.0,1.4362141395282036e-05
872,0,0,1,0.0,0.0,7.181070697641018e-06
879,0,0,1,0.0,0.0,7.181070697641018e-06
886,0,0,2,0.0,0.0,1.4362141395282036e-05
890,0,0,2,0.0,0.0,1.4362141395282036e-05
891,0,0,1,0.0,0.0,7.181070697641018e-06
894,0,0,1,0.0,0.0,7.181070697641018e-06
898,0,0,1,0.0,0.0,7.181070697641018e-06
903,0,0,1,0.0,0.0,7.181070697641018e-06
915,0,0,1,0.0,0.0,7.181070697641018e-06
927,0,0,1,0.0,0.0,7.181070697641018e-06
928,0,0,1,0.0,0.0,7.181070697641018e-06
931,0,0,2,0.0,0.0,1.4362141395282036e-05
932,0,0,1,0.0,0.0,7.181070697641018e-06
950,0,0,1,0.0,0.0,7.181070697641018e-06
954,0,0,1,0.0,0.0,7.181070697641018e-06
958,0,0,1,0.0,0.0,7.181070697641018e-06
962,0,0,1,0.0,0.0,7.181070697641018e-06
964,0,0,1,0.0,0.0,7.181070697641018e-06
966,0,0,1,0.0,0.0,7.181070697641018e-06
970,0,0,1,0.0,0.0,7.181070697641018e-06
977,0,0,1,0.0,0.0,7.181070697641018e-06
979,0,0,2,0.0,0.0,1.4362141395282036e-05
981,0,0,1,0.0,0.0,7.181070697641018e-06
982,0,0,1,0.0,0.0,7.181070697641018e-06
984,0,0,1,0.0,0.0,7.181070697641018e-06
988,0,0,1,0.0,0.0,7.181070697641018e-06
990,0,0,1,0.0,0.0,7.181070697641018e-06
1000,0,0,1,0.0,0.0,7.181070697641018e-06
1009,0,0,1,0.0,0.0,7.181070697641018e-06
1024,0,0,2,0.0,0.0,1.4362141395282036e-05
1027,0,0,1,0.0,0.0,7.181070697641018e-06
1030,0,0,1,0.0,0.0,7.181070697641018e-06
1033,0,0,1,0.0,0.0,7.181070697641018e-06
1042,0,0,1,0.0,0.0,7.181070697641018e-06
1044,0,0,1,0.0,0.0,7.181070697641018e-06
1046,0,0,2,0.0,0.0,1.4362141395282036e-05
1047,0,0,1,0.0,0.0,7.181070697641018e-06
1050,0,0,1,0.0,0.0,7.181070697641018e-06
1051,0,0,1,0.0,0.0,7.181070697641018e-06
1053,0,0,1,0.0,0.0,7.181070697641018e-06
1054,0,0,1,0.0,0.0,7.181070697641018e-06
1059,0,0,1,0.0,0.0,7.181070697641018e-06
1065,0,0,1,0.0,0.0,7.181070697641018e-06
1069,0,0,1,0.0,0.0,7.181070697641018e-06
1072,0,0,1,0.0,0.0,7.181070697641018e-06
1073,0,0,1,0.0,0.0,7.181070697641018e-06
1077,0,0,1,0.0,0.0,7.181070697641018e-06
1090,0,0,1,0.0,0.0,7.181070697641018e-06
1093,0,0,1,0.0,0.0,7.181070697641018e-06
1096,0,0,1,0.0,0.0,7.181070697641018e-06
1100,0,0,1,0.0,0.0,7.181070697641018e-06
1102,0,0,1,0.0,0.0,7.181070697641018e-06
1122,0,0,1,0.0,0.0,7.181070697641018e-06
1123,0,0,2,0.0,0.0,1.4362141395282036e-05
1129,0,0,1,0.0,0.0,7.181070697641018e-06
1134,0,0,2,0.0,0.0,1.4362141395282036e-05
1136,0,0,3,0.0,0.0,2.1543212092923055e-05
1138,0,0,1,0.0,0.0,7.181070697641018e-06
1145,0,0,1,0.0,0.0,7.181070697641018e-06
1146,0,0,1,0.0,0.0,7.181070697641018e-06
1149,0,0,1,0.0,0.0,7.181070697641018e-06
1159,0,0,1,0.0,0.0,7.181070697641018e-06
1160,0,0,1,0.0,0.0,7.181070697641018e-06
1161,0,0,1,0.0,0.0,7.181070697641018e-06
1172,0,0,1,0.0,0.0,7.181070697641018e-06
1178,0,0,1,0.0,0.0,7.181070697641018e-06
1185,0,0,1,0.0,0.0,7.181070697641018e-06
1191,0,0,1,0.0,0.0,7.181070697641018e-06
1205,0,0,1,0.0,0.0,7.181070697641018e-06
1216,0,0,1,0.0,0.0,7.181070697641018e-06
1218,0,0,1,0.0,0.0,7.181070697641018e-06
1219,0,0,1,0.0,0.0,7.181070697641018e-06
1240,0,0,1,0.0,0.0,7.181070697641018e-06
1241,0,0,1,0.0,0.0,7.181070697641018e-06
1245,0,0,1,0.0,0.0,7.181070697641018e-06
1250,0,0,2,0.0,0.0,1.4362141395282036e-05
1262,0,0,1,0.0,0.0,7.181070697641018e-06
1268,0,0,1,0.0,0.0,7.181070697641018e-06
1271,0,0,1,0.0,0.0,7.181070697641018e-06
1273,0,0,1,0.0,0.0,7.181070697641018e-06
1277,0,0,1,0.0,0.0,7.181070697641018e-06
1278,0,0,1,0.0,0.0,7.181070697641018e-06
1284,0,0,1,0.0,0.0,7.181070697641018e-06
1296,0,0,1,0.0,0.0,7.181070697641018e-06
1304,0,0,1,0.0,0.0,7.181070697641018e-06
1308,0,0,1,0.0,0.0,7.181070697641018e-06
1312,0,0,1,0.0,0.0,7.181070697641018e-06
1313,0,0,1,0.0,0.0,7.181070697641018e-06
1315,0,0,2,0.0,0.0,1.4362141395282036e-05
1329,0,0,1,0.0,0.0,7.181070697641018e-06
1331,0,0,1,0.0,0.0,7.181070697641018e-06
1332,0,0,1,0.0,0.0,7.181070697641018e-06
1334,0,0,1,0.0,0.0,7.181070697641018e-06
1341,0,0,1,0.0,0.0,7.181070697641018e-06
1356,0,0,1,0.0,0.0,7.181070697641018e-06
1361,0,0,1,0.0,0.0,7.181070697641018e-06
1372,0,0,1,0.0,0.0,7.181070697641018e-06
1378,0,0,1,0.0,0.0,7.181070697641018e-06
1389,0,0,1,0.0,0.0,7.181070697641018e-06
1395,0,0,1,0.0,0.0,7.181070697641018e-06
1398,0,0,1,0.0,0.0,7.181070697641018e-06
1401,0,0,1,0.0,0.0,7.181070697641018e-06
1412,0,0,1,0.0,0.0,7.181070697641018e-06
1425,0,0,1,0.0,0.0,7.181070697641018e-06
1439,0,0,1,0.0,0.0,7.181070697641018e-06
1449,0,0,1,0.0,0.0,7.181070697641018e-06
1462,0,0,1,0.0,0.0,7.181070697641018e-06
1475,0,0,1,0.0,0.0,7.181070697641018e-06
1503,0,0,1,0.0,0.0,7.181070697641018e-06
1536,0,0,1,0.0,0.0,7.181070697641018e-06
1546,0,0,1,0.0,0.0,7.181070697641018e-06
1593,0,0,1,0.0,0.0,7.181070697641018e-06
1609,0,0,1,0.0,0.0,7.181070697641018e-06
1627,0,0,1,0.0,0.0,7.181070697641018e-06
1657,0,0,1,0.0,0.0,7.181070697641018e-06
1692,0,0,1,0.0,0.0,7.181070697641018e-06
1702,0,0,1,0.0,0.0,7.181070697641018e-06
1710,0,0,1,0.0,0.0,7.181070697641018e-06
1722,0,0,1,0.0,0.0,7.181070697641018e-06
1731,0,0,1,0.0,0.0,7.181070697641018e-06
1743,0,0,1,0.0,0.0,7.181070697641018e-06
1751,0,0,1,0.0,0.0,7.181070697641018e-06
1755,0,0,1,0.0,0.0,7.181070697641018e-06
1773,0,0,1,0.0,0.0,7.181070697641018e-06
1891,0,0,1,0.0,0.0,7.181070697641018e-06
1909,0,0,1,0.0,0.0,7.181070697641018e-06
1942,0,0,1,0.0,0.0,7.181070697641018e-06
2001,0,0,1,0.0,0.0,7.181070697641018e-06
2017,0,0,1,0.0,0.0,7.181070697641018e-06
2021,0,0,1,0.0,0.0,7.181070697641018e-06
2025,0,0,1,0.0,0.0,7.181070697641018e-06
2034,0,0,1,0.0,0.0,7.181070697641018e-06
2038,0,0,1,0.0,0.0,7.181070697641018e-06
2056,0,0,1,0.0,0.0,7.181070697641018e-06
2063,0,0,1,0.0,0.0,7.181070697641018e-06
2130,0,0,1,0.0,0.0,7.181070697641018e-06
2160,0,0,1,0.0,0.0,7.181070697641018e-06
2166,0,0,1,0.0,0.0,7.181070697641018e-06
2194,0,0,1,0.0,0.0,7.181070697641018e-06
2198,0,0,1,0.0,0.0,7.181070697641018e-06
2201,0,0,1,0.0,0.0,7.181070697641018e-06
2225,0,0,1,0.0,0.0,7.181070697641018e-06
2268,0,0,1,0.0,0.0,7.181070697641018e-06
2275,0,0,1,0.0,0.0,7.181070697641018e-06
2281,0,0,1,0.0,0.0,7.181070697641018e-06
2283,0,0,1,0.0,0.0,7.181070697641018e-06
2284,0,0,1,0.0,0.0,7.181070697641018e-06
2290,0,0,1,0.0,0.0,7.181070697641018e-06
2307,0,0,1,0.0,0.0,7.181070697641018e-06
2320,0,0,1,0.0,0.0,7.181070697641018e-06
2344,0,0,1,0.0,0.0,7.181070697641018e-06
2369,0,0,1,0.0,0.0,7.181070697641018e-06
2404,0,0,1,0.0,0.0,7.181070697641018e-06
2499,0,0,1,0.0,0.0,7.181070697641018e-06
2507,0,0,1,0.0,0.0,7.181070697641018e-06
2510,0,0,1,0.0,0.0,7.181070697641018e-06
2534,0,0,1,0.0,0.0,7.181070697641018e-06
2539,0,0,1,0.0,0.0,7.181070697641018e-06
2615,0,0,1,0.0,0.0,7.181070697641018e-06
2673,0,0,1,0.0,0.0,7.181070697641018e-06
2691,0,0,1,0.0,0.0,7.181070697641018e-06
2714,0,0,1,0.0,0.0,7.181070697641018e-06
2805,0,0,1,0.0,0.0,7.181070697641018e-06
2817,0,0,1,0.0,0.0,7.181070697641018e-06
2867,0,0,1,0.0,0.0,7.181070697641018e-06
2868,0,0,1,0.0,0.0,7.181070697641018e-06
2919,0,0,1,0.0,0.0,7.181070697641018e-06
2983,0,0,1,0.0,0.0,7.181070697641018e-06
3075,0,0,1,0.0,0.0,7.181070697641018e-06
3243,0,0,1,0.0,0.0,7.181070697641018e-06
3320,0,0,1,0.0,0.0,7.181070697641018e-06
3330,0,0,1,0.0,0.0,7.181070697641018e-06
3342,0,0,1,0.0,0.0,7.181070697641018e-06
4014,0,0,1,0.0,0.0,7.181070697641018e-06
4021,0,0,1,0.0,0.0,7.181070697641018e-06
4118,0,0,1,0.0,0.0,7.181070697641018e-06
4429,0,0,1,0.0,0.0,7.181070697641018e-06
4438,0,0,1,0.0,0.0,7.181070697641018e-06
4516,0,0,1,0.0,0.0,7.181070697641018e-06
4687,0,0,1,0.0,0.0,7.181070697641018e-06
5654,0,0,1,0.0,0.0,7.181070697641018e-06
5678,0,0,1,0.0,0.0,7.181070697641018e-06
12444,0,0,1,0.0,0.0,7.181070697641018e-06
12784,0,0,1,0.0,0.0,7.181070697641018e-06
